<?xml version='1.0' encoding='UTF-8' standalone='yes'?>
<WORKSPACE>
 <FRAME activewindow="0">
  <PLACEMENT>2c0000000200000003000000ffffffffffffffffffffffffffffffffd901000009000000e4040000d0020000</PLACEMENT>
  <WINDOW type="default" module="ISIS"/>
 </FRAME>
 <MODULE name="VSMDEBUG">
  <PWI>
   <POPUP w="800" x="66" flags="00000002" y="127" h="200" pid="0" iid="-1">
    <PROPERTIES/>
   </POPUP>
   <POPUP w="350" x="86" flags="00000032" y="147" h="200" pid="1" iid="-1">
    <PROPERTIES/>
   </POPUP>
   <POPUP w="62" x="106" flags="00000008" y="167" h="12" pid="1" iid="1">
    <PROPERTIES/>
   </POPUP>
   <POPUP w="4" x="126" flags="8000000a" y="187" h="16" pid="32781" iid="1">
    <PROPERTIES/>
   </POPUP>
   <POPUP w="4" x="146" flags="8000000a" y="207" h="16" pid="32792" iid="1">
    <PROPERTIES/>
   </POPUP>
   <POPUP w="4" x="166" flags="8000000a" y="227" h="16" pid="32795" iid="1">
    <PROPERTIES/>
   </POPUP>
   <POPUP w="4" x="186" flags="8000000a" y="247" h="16" pid="32778" iid="1">
    <PROPERTIES/>
   </POPUP>
   <POPUP w="4" x="206" flags="8000000a" y="267" h="16" pid="32775" iid="1">
    <PROPERTIES/>
   </POPUP>
   <POPUP w="4" x="226" flags="8000000a" y="287" h="16" pid="32791" iid="1">
    <PROPERTIES/>
   </POPUP>
   <POPUP w="4" x="246" flags="8000000a" y="307" h="16" pid="32779" iid="1">
    <PROPERTIES/>
   </POPUP>
   <POPUP w="30" x="266" flags="00000008" y="327" h="16" pid="10" iid="1">
    <PROPERTIES/>
   </POPUP>
   <POPUP w="4" x="286" flags="8000000a" y="347" h="16" pid="32773" iid="1">
    <PROPERTIES/>
   </POPUP>
   <POPUP w="4" x="306" flags="8000000a" y="367" h="16" pid="32777" iid="1">
    <PROPERTIES/>
   </POPUP>
   <POPUP w="4" x="326" flags="8000000a" y="387" h="16" pid="32776" iid="1">
    <PROPERTIES/>
   </POPUP>
   <POPUP w="4" x="346" flags="8000000a" y="407" h="16" pid="32794" iid="1">
    <PROPERTIES/>
   </POPUP>
   <POPUP w="4" x="366" flags="8000000a" y="427" h="16" pid="32769" iid="1">
    <PROPERTIES/>
   </POPUP>
   <POPUP w="4" x="386" flags="8000000a" y="447" h="16" pid="32770" iid="1">
    <PROPERTIES/>
   </POPUP>
   <POPUP w="4" x="406" flags="8000000a" y="467" h="16" pid="32771" iid="1">
    <PROPERTIES/>
   </POPUP>
   <POPUP w="4" x="426" flags="8000000a" y="487" h="16" pid="32772" iid="1">
    <PROPERTIES/>
   </POPUP>
   <POPUP w="4" x="446" flags="8000000a" y="507" h="16" pid="32768" iid="1">
    <PROPERTIES/>
   </POPUP>
   <POPUP w="16" x="466" flags="0000000a" y="527" h="32" pid="8" iid="1">
    <PROPERTIES/>
   </POPUP>
   <POPUP w="16" x="486" flags="0000000a" y="547" h="32" pid="9" iid="1">
    <PROPERTIES/>
   </POPUP>
   <POPUP w="4" x="506" flags="8000000a" y="567" h="16" pid="32895" iid="1">
    <PROPERTIES/>
   </POPUP>
   <POPUP w="4" x="526" flags="8000000a" y="587" h="16" pid="65535" iid="1">
    <PROPERTIES/>
   </POPUP>
   <POPUP w="450" x="546" flags="00000022" y="607" h="250" pid="0" iid="17">
    <PROPERTIES/>
   </POPUP>
  </PWI>
 </MODULE>
</WORKSPACE>
