<?xml version='1.0' encoding='UTF-8' standalone='yes'?>
<WORKSPACE>
 <FRAME activewindow="0">
  <PLACEMENT>2c0000000200000003000000ffffffffffffffffffffffffffffffff930000000a000000ad05000052030000</PLACEMENT>
  <WINDOW type="default" module="ISIS"/>
 </FRAME>
 <MODULE name="VSMDEBUG">
  <PWI>
   <POPUP w="800" x="37" flags="00000002" y="127" h="200" pid="0" iid="-1">
    <PROPERTIES/>
   </POPUP>
   <POPUP w="350" x="57" flags="00000032" y="147" h="200" pid="1" iid="-1">
    <PROPERTIES/>
   </POPUP>
   <POPUP w="62" x="77" flags="00000008" y="167" h="12" pid="1" iid="1">
    <PROPERTIES/>
   </POPUP>
   <POPUP w="4" x="97" flags="8000000a" y="187" h="16" pid="32781" iid="1">
    <PROPERTIES/>
   </POPUP>
   <POPUP w="4" x="117" flags="8000000a" y="207" h="16" pid="32792" iid="1">
    <PROPERTIES/>
   </POPUP>
   <POPUP w="4" x="137" flags="8000000a" y="227" h="16" pid="32795" iid="1">
    <PROPERTIES/>
   </POPUP>
   <POPUP w="4" x="157" flags="8000000a" y="247" h="16" pid="32778" iid="1">
    <PROPERTIES/>
   </POPUP>
   <POPUP w="4" x="177" flags="8000000a" y="267" h="16" pid="32775" iid="1">
    <PROPERTIES/>
   </POPUP>
   <POPUP w="4" x="197" flags="8000000a" y="287" h="16" pid="32791" iid="1">
    <PROPERTIES/>
   </POPUP>
   <POPUP w="4" x="217" flags="8000000a" y="307" h="16" pid="32779" iid="1">
    <PROPERTIES/>
   </POPUP>
   <POPUP w="30" x="237" flags="00000008" y="327" h="16" pid="10" iid="1">
    <PROPERTIES/>
   </POPUP>
   <POPUP w="4" x="257" flags="8000000a" y="347" h="16" pid="32773" iid="1">
    <PROPERTIES/>
   </POPUP>
   <POPUP w="4" x="277" flags="8000000a" y="367" h="16" pid="32777" iid="1">
    <PROPERTIES/>
   </POPUP>
   <POPUP w="4" x="297" flags="8000000a" y="387" h="16" pid="32776" iid="1">
    <PROPERTIES/>
   </POPUP>
   <POPUP w="4" x="317" flags="8000000a" y="407" h="16" pid="32794" iid="1">
    <PROPERTIES/>
   </POPUP>
   <POPUP w="4" x="337" flags="8000000a" y="427" h="16" pid="32769" iid="1">
    <PROPERTIES/>
   </POPUP>
   <POPUP w="4" x="357" flags="8000000a" y="447" h="16" pid="32770" iid="1">
    <PROPERTIES/>
   </POPUP>
   <POPUP w="4" x="377" flags="8000000a" y="467" h="16" pid="32771" iid="1">
    <PROPERTIES/>
   </POPUP>
   <POPUP w="4" x="397" flags="8000000a" y="487" h="16" pid="32772" iid="1">
    <PROPERTIES/>
   </POPUP>
   <POPUP w="4" x="417" flags="8000000a" y="507" h="16" pid="32768" iid="1">
    <PROPERTIES/>
   </POPUP>
   <POPUP w="16" x="437" flags="0000000a" y="527" h="32" pid="8" iid="1">
    <PROPERTIES/>
   </POPUP>
   <POPUP w="16" x="457" flags="0000000a" y="547" h="32" pid="9" iid="1">
    <PROPERTIES/>
   </POPUP>
   <POPUP w="4" x="477" flags="8000000a" y="567" h="16" pid="32895" iid="1">
    <PROPERTIES/>
   </POPUP>
   <POPUP w="4" x="497" flags="8000000a" y="587" h="16" pid="65535" iid="1">
    <PROPERTIES/>
   </POPUP>
  </PWI>
 </MODULE>
</WORKSPACE>
