<?xml version='1.0' encoding='UTF-8' standalone='yes'?>
<WORKSPACE>
 <FRAME activewindow="0">
  <PLACEMENT>2c00000002000000030000000083ffff0083ffffffffffffffffffff5b00000012000000ab040000d8020000</PLACEMENT>
  <WINDOW type="default" module="ISIS"/>
 </FRAME>
 <MODULE name="VSMDEBUG">
  <PWI>
   <POPUP w="800" x="66" flags="00000002" y="127" h="200" pid="0" iid="-1">
    <PROPERTIES>
     <ITEM name="Message Column Width">544</ITEM>
     <ITEM name="ShowGrid">No</ITEM>
     <ITEM name="Source Column Width">100</ITEM>
     <ITEM name="Time Column Width">120</ITEM>
     <ITEM name="Version">100</ITEM>
    </PROPERTIES>
   </POPUP>
   <POPUP w="350" x="86" flags="00000032" y="147" h="200" pid="1" iid="-1">
    <PROPERTIES>
     <ITEM name="Address Column Width">83</ITEM>
     <ITEM name="AutoResize">No</ITEM>
     <ITEM name="Gridlines">Yes</ITEM>
     <ITEM name="Name Column Width">83</ITEM>
     <ITEM name="ShowAddresses">Yes</ITEM>
     <ITEM name="ShowPreviousValues">No</ITEM>
     <ITEM name="ShowTypes">No</ITEM>
     <ITEM name="ShowWatchPoint">Yes</ITEM>
     <ITEM name="TriggerMode">0</ITEM>
     <ITEM name="Value Column Width">83</ITEM>
     <ITEM name="Version">100</ITEM>
     <ITEM name="Watch Expression Column Width">83</ITEM>
     <ITEM name="nItems">0</ITEM>
    </PROPERTIES>
   </POPUP>
   <POPUP w="62" x="106" flags="00000008" y="167" h="12" pid="1" iid="1">
    <PROPERTIES/>
   </POPUP>
   <POPUP w="4" x="126" flags="8000000a" y="187" h="16" pid="32781" iid="1">
    <PROPERTIES>
     <ITEM name="DataType">2</ITEM>
     <ITEM name="DispChars">Yes</ITEM>
     <ITEM name="DispFormat">2</ITEM>
     <ITEM name="ShowChanges">Yes</ITEM>
     <ITEM name="ShowToolTips">Yes</ITEM>
     <ITEM name="TopLineAddress">E0034000</ITEM>
    </PROPERTIES>
   </POPUP>
   <POPUP w="4" x="146" flags="8000000a" y="207" h="16" pid="32792" iid="1">
    <PROPERTIES>
     <ITEM name="DataType">2</ITEM>
     <ITEM name="DispChars">Yes</ITEM>
     <ITEM name="DispFormat">2</ITEM>
     <ITEM name="ShowChanges">Yes</ITEM>
     <ITEM name="ShowToolTips">Yes</ITEM>
     <ITEM name="TopLineAddress">E0060000</ITEM>
    </PROPERTIES>
   </POPUP>
   <POPUP w="4" x="166" flags="8000000a" y="227" h="16" pid="32795" iid="1">
    <PROPERTIES>
     <ITEM name="DataType">2</ITEM>
     <ITEM name="DispChars">Yes</ITEM>
     <ITEM name="DispFormat">2</ITEM>
     <ITEM name="ShowChanges">Yes</ITEM>
     <ITEM name="ShowToolTips">Yes</ITEM>
     <ITEM name="TopLineAddress">E006C000</ITEM>
    </PROPERTIES>
   </POPUP>
   <POPUP w="4" x="186" flags="8000000a" y="247" h="16" pid="32778" iid="1">
    <PROPERTIES>
     <ITEM name="DataType">2</ITEM>
     <ITEM name="DispChars">Yes</ITEM>
     <ITEM name="DispFormat">2</ITEM>
     <ITEM name="ShowChanges">Yes</ITEM>
     <ITEM name="ShowToolTips">Yes</ITEM>
     <ITEM name="TopLineAddress">E0028000</ITEM>
    </PROPERTIES>
   </POPUP>
   <POPUP w="4" x="206" flags="8000000a" y="267" h="16" pid="32775" iid="1">
    <PROPERTIES>
     <ITEM name="DataType">2</ITEM>
     <ITEM name="DispChars">Yes</ITEM>
     <ITEM name="DispFormat">2</ITEM>
     <ITEM name="ShowChanges">Yes</ITEM>
     <ITEM name="ShowToolTips">Yes</ITEM>
     <ITEM name="TopLineAddress">E001C000</ITEM>
    </PROPERTIES>
   </POPUP>
   <POPUP w="4" x="226" flags="8000000a" y="287" h="16" pid="32791" iid="1">
    <PROPERTIES>
     <ITEM name="DataType">2</ITEM>
     <ITEM name="DispChars">Yes</ITEM>
     <ITEM name="DispFormat">2</ITEM>
     <ITEM name="ShowChanges">Yes</ITEM>
     <ITEM name="ShowToolTips">Yes</ITEM>
     <ITEM name="TopLineAddress">E005C000</ITEM>
    </PROPERTIES>
   </POPUP>
   <POPUP w="4" x="246" flags="8000000a" y="307" h="16" pid="32779" iid="1">
    <PROPERTIES>
     <ITEM name="DataType">2</ITEM>
     <ITEM name="DispChars">Yes</ITEM>
     <ITEM name="DispFormat">2</ITEM>
     <ITEM name="ShowChanges">Yes</ITEM>
     <ITEM name="ShowToolTips">Yes</ITEM>
     <ITEM name="TopLineAddress">E002C000</ITEM>
    </PROPERTIES>
   </POPUP>
   <POPUP w="30" x="266" flags="00000008" y="327" h="16" pid="10" iid="1">
    <PROPERTIES/>
   </POPUP>
   <POPUP w="4" x="286" flags="8000000a" y="347" h="16" pid="32773" iid="1">
    <PROPERTIES>
     <ITEM name="DataType">2</ITEM>
     <ITEM name="DispChars">Yes</ITEM>
     <ITEM name="DispFormat">2</ITEM>
     <ITEM name="ShowChanges">Yes</ITEM>
     <ITEM name="ShowToolTips">Yes</ITEM>
     <ITEM name="TopLineAddress">E0014000</ITEM>
    </PROPERTIES>
   </POPUP>
   <POPUP w="4" x="306" flags="8000000a" y="367" h="16" pid="32777" iid="1">
    <PROPERTIES>
     <ITEM name="DataType">2</ITEM>
     <ITEM name="DispChars">Yes</ITEM>
     <ITEM name="DispFormat">2</ITEM>
     <ITEM name="ShowChanges">Yes</ITEM>
     <ITEM name="ShowToolTips">Yes</ITEM>
     <ITEM name="TopLineAddress">E0024000</ITEM>
    </PROPERTIES>
   </POPUP>
   <POPUP w="4" x="326" flags="8000000a" y="387" h="16" pid="32776" iid="1">
    <PROPERTIES>
     <ITEM name="DataType">2</ITEM>
     <ITEM name="DispChars">Yes</ITEM>
     <ITEM name="DispFormat">2</ITEM>
     <ITEM name="ShowChanges">Yes</ITEM>
     <ITEM name="ShowToolTips">Yes</ITEM>
     <ITEM name="TopLineAddress">E0020000</ITEM>
    </PROPERTIES>
   </POPUP>
   <POPUP w="4" x="346" flags="8000000a" y="407" h="16" pid="32794" iid="1">
    <PROPERTIES>
     <ITEM name="DataType">2</ITEM>
     <ITEM name="DispChars">Yes</ITEM>
     <ITEM name="DispFormat">2</ITEM>
     <ITEM name="ShowChanges">Yes</ITEM>
     <ITEM name="ShowToolTips">Yes</ITEM>
     <ITEM name="TopLineAddress">E0068000</ITEM>
    </PROPERTIES>
   </POPUP>
   <POPUP w="4" x="366" flags="8000000a" y="427" h="16" pid="32769" iid="1">
    <PROPERTIES>
     <ITEM name="DataType">2</ITEM>
     <ITEM name="DispChars">Yes</ITEM>
     <ITEM name="DispFormat">2</ITEM>
     <ITEM name="ShowChanges">Yes</ITEM>
     <ITEM name="ShowToolTips">Yes</ITEM>
     <ITEM name="TopLineAddress">E0004000</ITEM>
    </PROPERTIES>
   </POPUP>
   <POPUP w="4" x="386" flags="8000000a" y="447" h="16" pid="32770" iid="1">
    <PROPERTIES>
     <ITEM name="DataType">2</ITEM>
     <ITEM name="DispChars">Yes</ITEM>
     <ITEM name="DispFormat">2</ITEM>
     <ITEM name="ShowChanges">Yes</ITEM>
     <ITEM name="ShowToolTips">Yes</ITEM>
     <ITEM name="TopLineAddress">E0008000</ITEM>
    </PROPERTIES>
   </POPUP>
   <POPUP w="4" x="406" flags="8000000a" y="467" h="16" pid="32771" iid="1">
    <PROPERTIES>
     <ITEM name="DataType">2</ITEM>
     <ITEM name="DispChars">Yes</ITEM>
     <ITEM name="DispFormat">2</ITEM>
     <ITEM name="ShowChanges">Yes</ITEM>
     <ITEM name="ShowToolTips">Yes</ITEM>
     <ITEM name="TopLineAddress">E000C000</ITEM>
    </PROPERTIES>
   </POPUP>
   <POPUP w="4" x="426" flags="8000000a" y="487" h="16" pid="32772" iid="1">
    <PROPERTIES>
     <ITEM name="DataType">2</ITEM>
     <ITEM name="DispChars">Yes</ITEM>
     <ITEM name="DispFormat">2</ITEM>
     <ITEM name="ShowChanges">Yes</ITEM>
     <ITEM name="ShowToolTips">Yes</ITEM>
     <ITEM name="TopLineAddress">E0010000</ITEM>
    </PROPERTIES>
   </POPUP>
   <POPUP w="4" x="446" flags="8000000a" y="507" h="16" pid="32768" iid="1">
    <PROPERTIES>
     <ITEM name="DataType">2</ITEM>
     <ITEM name="DispChars">Yes</ITEM>
     <ITEM name="DispFormat">2</ITEM>
     <ITEM name="ShowChanges">Yes</ITEM>
     <ITEM name="ShowToolTips">Yes</ITEM>
     <ITEM name="TopLineAddress">E0000000</ITEM>
    </PROPERTIES>
   </POPUP>
   <POPUP w="16" x="466" flags="0000000a" y="527" h="32" pid="8" iid="1">
    <PROPERTIES>
     <ITEM name="DataType">2</ITEM>
     <ITEM name="DispChars">Yes</ITEM>
     <ITEM name="DispFormat">2</ITEM>
     <ITEM name="ShowChanges">Yes</ITEM>
     <ITEM name="ShowToolTips">Yes</ITEM>
     <ITEM name="TopLineAddress">00000000</ITEM>
    </PROPERTIES>
   </POPUP>
   <POPUP w="16" x="486" flags="0000000a" y="547" h="32" pid="9" iid="1">
    <PROPERTIES>
     <ITEM name="DataType">2</ITEM>
     <ITEM name="DispChars">Yes</ITEM>
     <ITEM name="DispFormat">2</ITEM>
     <ITEM name="ShowChanges">Yes</ITEM>
     <ITEM name="ShowToolTips">Yes</ITEM>
     <ITEM name="TopLineAddress">40000000</ITEM>
    </PROPERTIES>
   </POPUP>
   <POPUP w="4" x="506" flags="8000000a" y="567" h="16" pid="32895" iid="1">
    <PROPERTIES>
     <ITEM name="DataType">2</ITEM>
     <ITEM name="DispChars">Yes</ITEM>
     <ITEM name="DispFormat">2</ITEM>
     <ITEM name="ShowChanges">Yes</ITEM>
     <ITEM name="ShowToolTips">Yes</ITEM>
     <ITEM name="TopLineAddress">E01FC000</ITEM>
    </PROPERTIES>
   </POPUP>
   <POPUP w="4" x="526" flags="8000000a" y="587" h="16" pid="65535" iid="1">
    <PROPERTIES>
     <ITEM name="DataType">2</ITEM>
     <ITEM name="DispChars">Yes</ITEM>
     <ITEM name="DispFormat">2</ITEM>
     <ITEM name="ShowChanges">Yes</ITEM>
     <ITEM name="ShowToolTips">Yes</ITEM>
     <ITEM name="TopLineAddress">FFFFF000</ITEM>
    </PROPERTIES>
   </POPUP>
  </PWI>
 </MODULE>
</WORKSPACE>
